location,latitude,longitude,aqi
Bhubaneswar,20.2961,85.8245,92
Cuttack,20.4625,85.8830,105
Rourkela,22.2604,84.8536,118
Sambalpur,21.4669,83.9812,87
Berhampur,19.3149,84.7941,76
Balasore,21.4942,86.9310,98
Baripada,21.9320,86.7490,82
Angul,20.8400,85.1017,134
Jharsuguda,21.8554,84.0062,142
Koraput,18.8110,82.7105,65
Puri,19.8135,85.8312,71
Bhadrak,21.0583,86.5156,110
Keonjhar,21.6280,85.5817,89
Rayagada,19.1726,83.4163,74
Nabarangpur,19.2300,82.5480,68
